3,Lanet,87,Владимир Шумахер
16,Lanet,44,Кирилл Цой
21,Lanet,37,Виктор Авраменко
27,Lanet,4,Кирилл Жуковский
32,Lanet,98,Диана Цой
36,Lanet,88,Евгения Митрофанов
53,Lanet,143,Виктор Любимов
72,Lanet,40,Александр Ефремов
73,Lanet,51,Владимир Дюма
87,Lanet,26,Кирилл Жуковский
88,Lanet,98,Диана Ефремов
96,Lanet,98,Виктор Шумахер
97,Lanet,121,Алексей Авраменко
101,Lanet,80,Александр Дюма
109,Lanet,70,Владимир Цой
110,Lanet,22,Алексей Дюма
119,Lanet,98,Софья Цой
120,Lanet,42,Александр Авраменко
124,Lanet,15,Анастасия Дюма
179,Lanet,52,Евгения Дюма
200,Lanet,129,Евгения Ефремов
206,Lanet,143,Анастасия Цой
209,Lanet,69,Диана Жуковский
213,Lanet,77,Алексей Дюма
214,Lanet,137,Виктор Цой
221,Lanet,138,Евгения Любимов
227,Lanet,6,Анастасия Любимов
243,Lanet,23,Алексей Дюма
262,Lanet,133,Александр Шумахер
263,Lanet,77,Алексей Жуковский
270,Lanet,46,Алексей Митрофанов
285,Lanet,13,Кирилл Авраменко
286,Lanet,6,Алексей Авраменко
288,Lanet,132,Софья Ефремов
289,Lanet,146,Владимир Любимов
295,Lanet,73,Виктор Шумахер
297,Lanet,140,Виктор Митрофанов
303,Lanet,114,Владимир Любимов
317,Lanet,72,Алексей Дюма
328,Lanet,35,Диана Митрофанов
333,Lanet,61,Евгения Ефремов
335,Lanet,0,Софья Шумахер
348,Lanet,23,Евгения Жуковский
354,Lanet,64,Кирилл Митрофанов
357,Lanet,14,Диана Митрофанов
361,Lanet,142,Алексей Ефремов
365,Lanet,135,Софья Любимов
368,Lanet,128,Кирилл Жуковский
378,Lanet,40,Виктор Любимов
379,Lanet,88,Евгения Цой
384,Lanet,76,Виктор Авраменко
389,Lanet,9,Владимир Любимов
401,Lanet,60,Анастасия Дюма
404,Lanet,76,Виктор Жуковский
407,Lanet,84,Диана Цой
413,Lanet,67,Анастасия Жуковский
423,Lanet,10,Виктор Дюма
424,Lanet,50,Анастасия Авраменко
430,Lanet,8,Кирилл Авраменко
436,Lanet,130,Анастасия Авраменко
446,Lanet,95,Виктор Жуковский
447,Lanet,121,Виктор Ефремов
459,Lanet,40,Кирилл Цой
476,Lanet,49,Владимир Шумахер
478,Lanet,64,Софья Цой
493,Lanet,75,Диана Любимов
502,Lanet,93,Виктор Авраменко
508,Lanet,97,Александр Дюма
512,Lanet,131,Софья Ефремов
529,Lanet,83,Диана Шумахер
548,Lanet,133,Анастасия Любимов
556,Lanet,60,Виктор Цой
572,Lanet,58,Виктор Дюма
575,Lanet,142,Диана Любимов
584,Lanet,125,Александр Авраменко
586,Lanet,101,Диана Шумахер
587,Lanet,138,Александр Ефремов
588,Lanet,148,Кирилл Жуковский
600,Lanet,1,Евгения Авраменко
602,Lanet,105,Диана Шумахер
620,Lanet,91,Алексей Митрофанов
622,Lanet,61,Александр Любимов
624,Lanet,9,Кирилл Ефремов
625,Lanet,124,Александр Жуковский
638,Lanet,36,Евгения Ефремов
647,Lanet,96,Алексей Дюма
661,Lanet,15,Евгения Ефремов
662,Lanet,38,Евгения Дюма
689,Lanet,149,Владимир Ефремов
690,Lanet,130,Диана Ефремов
718,Lanet,105,Виктор Авраменко
722,Lanet,45,Анастасия Цой
728,Lanet,82,Кирилл Цой
730,Lanet,58,Кирилл Ефремов
732,Lanet,61,Диана Цой
752,Lanet,122,Анастасия Шумахер
759,Lanet,107,Виктор Шумахер
763,Lanet,64,Виктор Авраменко
766,Lanet,57,Евгения Жуковский
781,Lanet,88,Евгения Любимов
810,Lanet,0,Кирилл Любимов
822,Lanet,87,Софья Шумахер
827,Lanet,53,Диана Авраменко
849,Lanet,92,Анастасия Жуковский
875,Lanet,107,Виктор Дюма
879,Lanet,89,Анастасия Авраменко
882,Lanet,41,Диана Авраменко
890,Lanet,83,Кирилл Митрофанов
899,Lanet,30,Анастасия Любимов
924,Lanet,39,Софья Авраменко
932,Lanet,40,Евгения Шумахер
954,Lanet,111,Евгения Любимов
973,Lanet,62,Анастасия Шумахер
974,Lanet,126,Виктор Любимов
978,Lanet,107,Софья Дюма
1010,Lanet,48,Евгения Митрофанов
1027,Lanet,37,Кирилл Жуковский
1032,Lanet,69,Евгения Ефремов
1045,Lanet,119,Анастасия Шумахер
1046,Lanet,0,Диана Митрофанов
1060,Lanet,92,Софья Авраменко
1061,Lanet,91,Кирилл Дюма
1077,Lanet,21,Владимир Митрофанов
1087,Lanet,99,Анастасия Цой
1090,Lanet,79,Александр Любимов
1092,Lanet,117,Анастасия Жуковский
1096,Lanet,25,Диана Ефремов
1108,Lanet,15,Анастасия Шумахер
1144,Lanet,67,Евгения Дюма
1145,Lanet,15,Анастасия Шумахер
1148,Lanet,46,Владимир Авраменко
1154,Lanet,144,Кирилл Цой
1155,Lanet,86,Владимир Митрофанов
1184,Lanet,89,Александр Шумахер
1187,Lanet,148,Александр Цой
1198,Lanet,76,Владимир Ефремов
1213,Lanet,74,Александр Жуковский
1222,Lanet,32,Диана Цой
1233,Lanet,110,Евгения Любимов
1237,Lanet,89,Анастасия Цой
1270,Lanet,22,Алексей Авраменко
1275,Lanet,133,Диана Любимов
1277,Lanet,66,Софья Цой
1311,Lanet,136,Евгения Шумахер
1320,Lanet,33,Виктор Авраменко
1321,Lanet,81,Евгения Любимов
1336,Lanet,48,Анастасия Ефремов
1351,Lanet,44,Диана Шумахер
1356,Lanet,1,Анастасия Дюма
1366,Lanet,41,Виктор Любимов
1369,Lanet,127,Виктор Дюма
1378,Lanet,124,Владимир Митрофанов
1379,Lanet,107,Евгения Шумахер
1401,Lanet,56,Владимир Митрофанов
1407,Lanet,27,Диана Жуковский
1409,Lanet,75,Виктор Цой
1416,Lanet,124,Владимир Любимов
1418,Lanet,58,Виктор Авраменко
1443,Lanet,107,Анастасия Авраменко
1445,Lanet,95,Софья Цой
1479,Lanet,112,Алексей Шумахер
1484,Lanet,79,Алексей Дюма
1524,Lanet,36,Алексей Жуковский
1529,Lanet,51,Александр Ефремов
1530,Lanet,102,Анастасия Ефремов
1532,Lanet,107,Александр Митрофанов
1579,Lanet,45,Софья Митрофанов
1584,Lanet,52,Владимир Любимов
1602,Lanet,130,Александр Жуковский
1613,Lanet,128,Софья Ефремов
1636,Lanet,86,Софья Любимов
1645,Lanet,147,Алексей Любимов
1652,Lanet,141,Евгения Любимов
1660,Lanet,43,Владимир Любимов
1667,Lanet,61,Виктор Авраменко
1672,Lanet,97,Анастасия Любимов
1679,Lanet,57,Анастасия Дюма
1696,Lanet,90,Анастасия Шумахер
1703,Lanet,14,Евгения Шумахер
1733,Lanet,41,Евгения Жуковский
1737,Lanet,43,Александр Жуковский
1738,Lanet,5,Евгения Любимов
1741,Lanet,50,Анастасия Цой
1743,Lanet,61,Софья Любимов
1757,Lanet,7,Софья Ефремов
1768,Lanet,10,Александр Авраменко
1769,Lanet,3,Виктор Шумахер
1772,Lanet,111,Александр Шумахер
1777,Lanet,110,Алексей Шумахер
1796,Lanet,128,Владимир Митрофанов
1800,Lanet,128,Диана Шумахер
1802,Lanet,139,Владимир Жуковский
1813,Lanet,48,Кирилл Цой
1825,Lanet,10,Кирилл Цой
1829,Lanet,61,Кирилл Жуковский
1831,Lanet,54,Софья Шумахер
1840,Lanet,33,Виктор Ефремов
1872,Lanet,83,Кирилл Жуковский
1877,Lanet,127,Кирилл Жуковский
1886,Lanet,48,Софья Жуковский
1890,Lanet,122,Александр Митрофанов
1907,Lanet,85,Анастасия Шумахер
1933,Lanet,119,Евгения Жуковский
1938,Lanet,16,Александр Авраменко
1940,Lanet,131,Диана Цой
1942,Lanet,30,Софья Шумахер
1944,Lanet,124,Анастасия Цой
1962,Lanet,61,Алексей Любимов
1965,Lanet,58,Евгения Ефремов
1968,Lanet,2,Алексей Любимов
1992,Lanet,147,Софья Любимов
1999,Lanet,120,Виктор Шумахер
2011,Lanet,9,Софья Дюма
2027,Lanet,108,Анастасия Любимов
2044,Lanet,88,Виктор Цой
2046,Lanet,94,Софья Авраменко
2048,Lanet,20,Евгения Авраменко
2050,Lanet,123,Александр Жуковский
2065,Lanet,61,Евгения Шумахер
2070,Lanet,101,Диана Ефремов
2075,Lanet,18,Алексей Любимов
2094,Lanet,133,Диана Дюма
2097,Lanet,26,Владимир Цой
2098,Lanet,109,Александр Жуковский
2104,Lanet,4,Софья Цой
2135,Lanet,106,Анастасия Ефремов
2140,Lanet,60,Евгения Шумахер
2170,Lanet,89,Диана Шумахер
2174,Lanet,12,Кирилл Авраменко
2182,Lanet,107,Диана Дюма
2216,Lanet,127,Софья Ефремов
2257,Lanet,147,Алексей Дюма
2262,Lanet,45,Владимир Жуковский
2263,Lanet,69,Евгения Любимов
2274,Lanet,106,Диана Цой
2287,Lanet,64,Виктор Дюма
2289,Lanet,87,Евгения Дюма
2300,Lanet,36,Анастасия Дюма
2311,Lanet,10,Евгения Митрофанов
2315,Lanet,43,Александр Ефремов
2330,Lanet,33,Диана Любимов
2331,Lanet,45,Владимир Митрофанов
2332,Lanet,116,Анастасия Цой
2335,Lanet,82,Анастасия Ефремов
2363,Lanet,59,Диана Ефремов
2368,Lanet,5,Диана Митрофанов
2373,Lanet,38,Александр Митрофанов
2392,Lanet,18,Александр Дюма
2403,Lanet,53,Виктор Митрофанов
2440,Lanet,23,Виктор Дюма
2449,Lanet,141,Александр Шумахер
2468,Lanet,54,Кирилл Шумахер
2471,Lanet,8,Диана Ефремов
2475,Lanet,109,Кирилл Дюма
2476,Lanet,17,Владимир Цой
2478,Lanet,22,Евгения Дюма
2495,Lanet,113,Владимир Авраменко
2504,Lanet,22,Анастасия Ефремов
2508,Lanet,47,Анастасия Цой
2512,Lanet,130,Александр Жуковский
2516,Lanet,135,Владимир Жуковский
2524,Lanet,67,Кирилл Цой
2528,Lanet,149,Евгения Жуковский
2531,Lanet,81,Александр Ефремов
2544,Lanet,28,Алексей Цой
2554,Lanet,72,Евгения Дюма
2563,Lanet,70,Виктор Ефремов
2568,Lanet,101,Евгения Митрофанов
2573,Lanet,5,Владимир Любимов
2577,Lanet,74,Владимир Митрофанов
2611,Lanet,50,Софья Жуковский
2615,Lanet,96,Кирилл Авраменко
2616,Lanet,131,Виктор Дюма
2628,Lanet,149,Софья Цой
2637,Lanet,41,Кирилл Митрофанов
2641,Lanet,6,Кирилл Жуковский
2649,Lanet,113,Евгения Любимов
2652,Lanet,116,Кирилл Цой
2659,Lanet,55,Софья Шумахер
2666,Lanet,115,Виктор Авраменко
2670,Lanet,68,Кирилл Ефремов
2674,Lanet,146,Евгения Любимов
2683,Lanet,39,Алексей Жуковский
2684,Lanet,73,Евгения Дюма
2685,Lanet,79,Анастасия Любимов
2726,Lanet,93,Анастасия Авраменко
2728,Lanet,83,Виктор Любимов
2742,Lanet,105,Анастасия Шумахер
2744,Lanet,18,Диана Ефремов
2746,Lanet,110,Кирилл Любимов
2748,Lanet,79,Владимир Цой
2750,Lanet,20,Анастасия Дюма
2751,Lanet,21,Евгения Шумахер
2757,Lanet,127,Алексей Дюма
2774,Lanet,139,Александр Ефремов
2789,Lanet,35,Александр Авраменко
2792,Lanet,89,Алексей Цой
2801,Lanet,2,Кирилл Шумахер
2805,Lanet,100,Евгения Шумахер
2814,Lanet,82,Виктор Авраменко
2816,Lanet,4,Виктор Жуковский
2831,Lanet,121,Александр Любимов
2832,Lanet,6,Виктор Шумахер
2856,Lanet,111,Алексей Цой
2880,Lanet,123,Диана Любимов
2883,Lanet,146,Владимир Ефремов
2884,Lanet,85,Диана Цой
2909,Lanet,111,Виктор Любимов
2911,Lanet,12,Александр Ефремов
2914,Lanet,42,Евгения Цой
2920,Lanet,101,Владимир Шумахер
2926,Lanet,35,Анастасия Жуковский
2932,Lanet,23,Анастасия Ефремов
2935,Lanet,31,Евгения Авраменко
2940,Lanet,93,Алексей Шумахер
2945,Lanet,79,Диана Дюма
2979,Lanet,48,Владимир Митрофанов
2981,Lanet,11,Александр Дюма
2991,Lanet,5,Виктор Ефремов
2998,Lanet,115,Кирилл Ефремов
3002,Lanet,118,Кирилл Ефремов
3008,Lanet,139,Александр Любимов
3028,Lanet,45,Евгения Любимов
3054,Lanet,26,Евгения Митрофанов
3055,Lanet,70,Софья Ефремов
3056,Lanet,103,Евгения Дюма
3070,Lanet,111,Виктор Дюма
3071,Lanet,122,Владимир Ефремов
3077,Lanet,47,Кирилл Любимов
3089,Lanet,39,Диана Жуковский
3098,Lanet,78,Анастасия Шумахер
3110,Lanet,129,Алексей Цой
3116,Lanet,132,Диана Дюма
3144,Lanet,121,Евгения Ефремов
3155,Lanet,132,Александр Митрофанов
3157,Lanet,122,Александр Любимов
3161,Lanet,43,Виктор Авраменко
3162,Lanet,109,Виктор Дюма
3163,Lanet,80,Диана Цой
3166,Lanet,75,Диана Дюма
3173,Lanet,111,Диана Любимов
3175,Lanet,25,Александр Дюма
3177,Lanet,37,Евгения Любимов
3187,Lanet,142,Кирилл Любимов
3189,Lanet,16,Алексей Митрофанов
3203,Lanet,93,Софья Жуковский
3208,Lanet,4,Диана Цой
3211,Lanet,46,Кирилл Любимов
3212,Lanet,97,Анастасия Жуковский
3214,Lanet,48,Александр Любимов
3225,Lanet,79,Виктор Ефремов
3235,Lanet,1,Владимир Любимов
3238,Lanet,83,Виктор Цой
3254,Lanet,72,Анастасия Шумахер
3262,Lanet,43,Алексей Шумахер
3267,Lanet,18,Диана Митрофанов
3276,Lanet,86,Диана Любимов
3283,Lanet,94,Виктор Ефремов
3285,Lanet,48,Владимир Дюма
3315,Lanet,139,Евгения Ефремов
3318,Lanet,12,Евгения Жуковский
3319,Lanet,13,Диана Дюма
3326,Lanet,72,Анастасия Шумахер
3329,Lanet,91,Алексей Авраменко
3352,Lanet,92,Софья Шумахер
3359,Lanet,121,Анастасия Митрофанов
3372,Lanet,45,Евгения Митрофанов
3374,Lanet,68,Анастасия Дюма
3392,Lanet,83,Евгения Ефремов
3400,Lanet,108,Александр Шумахер
3403,Lanet,67,Владимир Дюма
3404,Lanet,28,Алексей Митрофанов
3425,Lanet,79,Кирилл Авраменко
3441,Lanet,16,Алексей Жуковский
3447,Lanet,7,Александр Жуковский
3453,Lanet,103,Кирилл Цой
3470,Lanet,65,Евгения Любимов
3471,Lanet,115,Евгения Любимов
3473,Lanet,56,Виктор Авраменко
3483,Lanet,53,Виктор Ефремов
3496,Lanet,11,Виктор Жуковский
3502,Lanet,103,Кирилл Митрофанов
3504,Lanet,99,Софья Митрофанов
3506,Lanet,131,Софья Митрофанов
3510,Lanet,66,Владимир Любимов
3514,Lanet,80,Диана Любимов
3517,Lanet,147,Софья Шумахер
3535,Lanet,94,Софья Жуковский
3558,Lanet,59,Алексей Авраменко
3575,Lanet,53,Евгения Цой
3583,Lanet,32,Кирилл Митрофанов
3613,Lanet,58,Александр Митрофанов
3615,Lanet,149,Софья Митрофанов
3621,Lanet,149,Софья Цой
3624,Lanet,56,Кирилл Авраменко
3629,Lanet,4,Евгения Цой
3645,Lanet,31,Диана Митрофанов
3654,Lanet,136,Владимир Цой
3662,Lanet,92,Виктор Дюма
3663,Lanet,101,Кирилл Ефремов
3664,Lanet,29,Диана Дюма
3665,Lanet,0,Софья Митрофанов
3670,Lanet,71,Евгения Цой
3676,Lanet,11,Евгения Ефремов
3689,Lanet,135,Владимир Авраменко
3694,Lanet,48,Анастасия Дюма
3703,Lanet,52,Анастасия Авраменко
3717,Lanet,106,Александр Ефремов
3745,Lanet,146,Алексей Митрофанов
3748,Lanet,144,Алексей Дюма
3751,Lanet,39,Диана Шумахер
3752,Lanet,1,Диана Митрофанов
3754,Lanet,23,Анастасия Цой
3756,Lanet,82,Диана Любимов
3758,Lanet,80,Диана Любимов
3776,Lanet,103,Алексей Жуковский
3793,Lanet,117,Диана Цой
3796,Lanet,126,Анастасия Ефремов
3818,Lanet,25,Софья Цой
3825,Lanet,62,Виктор Шумахер
3836,Lanet,35,Владимир Митрофанов
3838,Lanet,130,Александр Митрофанов
3842,Lanet,129,Диана Авраменко
3851,Lanet,51,Александр Любимов
3862,Lanet,141,Евгения Дюма
3863,Lanet,111,Александр Ефремов
3883,Lanet,38,Виктор Ефремов
3885,Lanet,87,Евгения Цой
3889,Lanet,33,Алексей Дюма
3890,Lanet,115,Евгения Шумахер
3898,Lanet,75,Анастасия Любимов
3922,Lanet,78,Александр Ефремов
3924,Lanet,25,Анастасия Любимов
3929,Lanet,52,Анастасия Ефремов
3935,Lanet,27,Виктор Цой
3940,Lanet,115,Диана Ефремов
3952,Lanet,16,Кирилл Любимов
3957,Lanet,76,Александр Митрофанов
3985,Lanet,53,Диана Дюма
4005,Lanet,115,Анастасия Цой
4008,Lanet,94,Кирилл Авраменко
4018,Lanet,63,Софья Шумахер
4042,Lanet,47,Анастасия Дюма
4051,Lanet,44,Владимир Митрофанов
4065,Lanet,27,Владимир Дюма
4066,Lanet,64,Александр Авраменко
4100,Lanet,144,Софья Дюма
4102,Lanet,28,Виктор Любимов
4113,Lanet,149,Софья Шумахер
4132,Lanet,0,Алексей Любимов
4149,Lanet,12,Евгения Ефремов
4154,Lanet,94,Кирилл Авраменко
4164,Lanet,124,Александр Любимов
4165,Lanet,47,Александр Шумахер
4166,Lanet,113,Кирилл Митрофанов
4185,Lanet,84,Владимир Жуковский
4222,Lanet,88,Анастасия Ефремов
4257,Lanet,17,Александр Митрофанов
4270,Lanet,124,Виктор Митрофанов
4276,Lanet,1,Виктор Цой
4299,Lanet,19,Анастасия Любимов
4328,Lanet,36,Алексей Шумахер
4333,Lanet,34,Диана Ефремов
4337,Lanet,108,Виктор Жуковский
4341,Lanet,41,Владимир Дюма
4384,Lanet,142,Анастасия Шумахер
4395,Lanet,45,Диана Шумахер
4416,Lanet,27,Софья Шумахер
4438,Lanet,80,Евгения Любимов
4456,Lanet,85,Алексей Ефремов
4460,Lanet,135,Александр Жуковский
4468,Lanet,68,Алексей Дюма
4472,Lanet,5,Кирилл Митрофанов
4478,Lanet,6,Софья Ефремов
4490,Lanet,144,Александр Дюма
4496,Lanet,110,Кирилл Митрофанов
4499,Lanet,85,Кирилл Жуковский
4516,Lanet,78,Кирилл Шумахер
4520,Lanet,59,Кирилл Авраменко
4525,Lanet,0,Александр Дюма
4526,Lanet,94,Кирилл Шумахер
4529,Lanet,149,Виктор Митрофанов
4533,Lanet,93,Евгения Авраменко
4535,Lanet,38,Владимир Жуковский
4543,Lanet,34,Евгения Любимов
4544,Lanet,98,Кирилл Авраменко
4547,Lanet,87,Виктор Любимов
4576,Lanet,44,Диана Любимов
4579,Lanet,88,Владимир Ефремов
4580,Lanet,94,Владимир Любимов
4583,Lanet,123,Диана Авраменко
4593,Lanet,145,Евгения Авраменко
4595,Lanet,61,Александр Ефремов
4596,Lanet,68,Анастасия Авраменко
4603,Lanet,68,Кирилл Ефремов
4605,Lanet,4,Диана Цой
4606,Lanet,119,Владимир Ефремов
4624,Lanet,58,Евгения Любимов
4661,Lanet,53,Владимир Митрофанов
4670,Lanet,126,Алексей Жуковский
4682,Lanet,16,Диана Митрофанов
4685,Lanet,129,Алексей Дюма
4692,Lanet,104,Александр Шумахер
4697,Lanet,142,Владимир Ефремов
4708,Lanet,30,Алексей Жуковский
4711,Lanet,20,Диана Митрофанов
4755,Lanet,143,Владимир Шумахер
4759,Lanet,64,Александр Шумахер
4762,Lanet,85,Владимир Цой
4784,Lanet,14,Владимир Шумахер
4788,Lanet,54,Анастасия Шумахер
4795,Lanet,37,Александр Шумахер
4796,Lanet,87,Александр Жуковский
4834,Lanet,89,Кирилл Любимов
4854,Lanet,124,Диана Цой
4855,Lanet,93,Евгения Шумахер
4857,Lanet,1,Александр Цой
4870,Lanet,49,Владимир Жуковский
4872,Lanet,23,Кирилл Жуковский
4891,Lanet,139,Кирилл Любимов
4894,Lanet,56,Александр Шумахер
4904,Lanet,53,Виктор Жуковский
4908,Lanet,129,Анастасия Митрофанов
4929,Lanet,72,Алексей Шумахер
4943,Lanet,135,Софья Любимов
4946,Lanet,123,Евгения Авраменко
4963,Lanet,148,Кирилл Любимов
4971,Lanet,146,Кирилл Авраменко
4975,Lanet,56,Александр Жуковский
4985,Lanet,88,Владимир Шумахер
4986,Lanet,2,Кирилл Шумахер
5007,Lanet,17,Виктор Шумахер
5009,Lanet,12,Софья Ефремов
5013,Lanet,2,Евгения Шумахер
5027,Lanet,53,Владимир Жуковский
5036,Lanet,41,Анастасия Любимов
5045,Lanet,69,Софья Шумахер
5078,Lanet,10,Софья Шумахер
5080,Lanet,10,Алексей Цой
5088,Lanet,95,Владимир Шумахер
5092,Lanet,70,Евгения Цой
5114,Lanet,70,Анастасия Цой
5117,Lanet,101,Алексей Жуковский
5139,Lanet,119,Софья Митрофанов
5145,Lanet,145,Анастасия Митрофанов
5153,Lanet,22,Евгения Цой
5159,Lanet,26,Виктор Шумахер
5160,Lanet,113,Алексей Авраменко
5162,Lanet,115,Диана Любимов
5168,Lanet,18,Александр Цой
5170,Lanet,39,Владимир Цой
5171,Lanet,77,Виктор Жуковский
5180,Lanet,106,Софья Митрофанов
5193,Lanet,40,Владимир Любимов
5214,Lanet,113,Софья Дюма
5217,Lanet,11,Кирилл Ефремов
5224,Lanet,142,Виктор Авраменко
5241,Lanet,52,Софья Дюма
5243,Lanet,123,Софья Жуковский
5256,Lanet,61,Владимир Цой
5262,Lanet,108,Анастасия Цой
5264,Lanet,2,Виктор Цой
5269,Lanet,63,Владимир Жуковский
5277,Lanet,85,Анастасия Цой
5282,Lanet,122,Софья Цой
5309,Lanet,98,Виктор Шумахер
5367,Lanet,74,Евгения Авраменко
5376,Lanet,100,Анастасия Любимов
5379,Lanet,46,Виктор Шумахер
5388,Lanet,17,Александр Жуковский
5399,Lanet,91,Александр Ефремов
5402,Lanet,138,Кирилл Ефремов
5427,Lanet,11,Анастасия Дюма
5440,Lanet,68,Виктор Авраменко
5450,Lanet,146,Виктор Цой
5456,Lanet,72,Анастасия Дюма
5458,Lanet,30,Александр Жуковский
5468,Lanet,70,Диана Жуковский
5474,Lanet,136,Виктор Авраменко
5479,Lanet,16,Алексей Цой
5484,Lanet,138,Софья Жуковский
5485,Lanet,91,Кирилл Дюма
5506,Lanet,84,Евгения Цой
5520,Lanet,5,Алексей Любимов
5527,Lanet,24,Евгения Любимов
5535,Lanet,128,Софья Шумахер
5536,Lanet,8,Диана Жуковский
5549,Lanet,18,Софья Шумахер
5573,Lanet,139,Виктор Любимов
5593,Lanet,7,Владимир Любимов
5601,Lanet,117,Кирилл Митрофанов
5602,Lanet,148,Софья Любимов
5611,Lanet,16,Анастасия Шумахер
5618,Lanet,122,Кирилл Любимов
5622,Lanet,84,Владимир Шумахер
5643,Lanet,136,Диана Цой
5645,Lanet,28,Виктор Авраменко
5658,Lanet,66,Евгения Шумахер
5666,Lanet,8,Алексей Дюма
5696,Lanet,7,Кирилл Шумахер
5704,Lanet,1,Кирилл Митрофанов
5730,Lanet,45,Алексей Авраменко
5735,Lanet,88,Александр Дюма
5740,Lanet,49,Анастасия Авраменко
5745,Lanet,85,Диана Дюма
5751,Lanet,125,Александр Авраменко
5752,Lanet,94,Софья Митрофанов
5753,Lanet,24,Виктор Цой
5754,Lanet,10,Анастасия Любимов
5761,Lanet,112,Александр Любимов
5779,Lanet,93,Алексей Дюма
5811,Lanet,33,Алексей Ефремов
5823,Lanet,35,Владимир Дюма
5829,Lanet,85,Анастасия Авраменко
5834,Lanet,54,Александр Митрофанов
5877,Lanet,51,Софья Дюма
5885,Lanet,64,Евгения Авраменко
5891,Lanet,31,Владимир Дюма
5893,Lanet,55,Александр Ефремов
5912,Lanet,29,Александр Митрофанов
5914,Lanet,72,Александр Любимов
5924,Lanet,43,Кирилл Шумахер
5932,Lanet,98,Евгения Любимов
5934,Lanet,136,Кирилл Шумахер
5941,Lanet,67,Диана Дюма
5942,Lanet,6,Евгения Авраменко
5948,Lanet,51,Диана Митрофанов
5954,Lanet,121,Алексей Митрофанов
5959,Lanet,61,Диана Жуковский
5963,Lanet,126,Софья Любимов
5982,Lanet,32,Диана Цой
5986,Lanet,109,Кирилл Ефремов
5992,Lanet,17,Кирилл Цой
6003,Lanet,92,Диана Жуковский
6012,Lanet,140,Диана Жуковский
6028,Lanet,141,Кирилл Дюма
6064,Lanet,59,Диана Любимов
6070,Lanet,91,Диана Цой
6098,Lanet,133,Софья Ефремов
6110,Lanet,147,Анастасия Авраменко
6120,Lanet,69,Диана Ефремов
6126,Lanet,0,Владимир Цой
6140,Lanet,149,Анастасия Митрофанов
6145,Lanet,0,Александр Авраменко
6157,Lanet,41,Виктор Дюма
6158,Lanet,122,Виктор Дюма
6161,Lanet,130,Александр Шумахер
6162,Lanet,125,Алексей Цой
6163,Lanet,117,Александр Шумахер
6167,Lanet,76,Владимир Любимов
6175,Lanet,28,Александр Цой
6184,Lanet,80,Александр Цой
6188,Lanet,28,Софья Цой
6189,Lanet,110,Владимир Любимов
6197,Lanet,126,Алексей Любимов
6201,Lanet,4,Диана Авраменко
6216,Lanet,146,Виктор Авраменко
6237,Lanet,133,Диана Авраменко
6247,Lanet,34,Виктор Цой
6250,Lanet,62,Диана Авраменко
6253,Lanet,147,Анастасия Цой
6256,Lanet,105,Виктор Ефремов
6261,Lanet,24,Кирилл Дюма
6262,Lanet,133,Виктор Ефремов
6281,Lanet,27,Анастасия Цой
6291,Lanet,46,Диана Ефремов
6310,Lanet,18,Кирилл Жуковский
6312,Lanet,94,Александр Митрофанов
6326,Lanet,64,Владимир Шумахер
6332,Lanet,75,Софья Любимов
6335,Lanet,74,Евгения Жуковский
6338,Lanet,111,Кирилл Цой
6347,Lanet,59,Кирилл Цой
6356,Lanet,13,Анастасия Шумахер
6362,Lanet,63,Анастасия Ефремов
6370,Lanet,87,Кирилл Митрофанов
6383,Lanet,71,Алексей Авраменко
6387,Lanet,87,Софья Митрофанов
6405,Lanet,33,Софья Любимов
6406,Lanet,17,Кирилл Жуковский
6409,Lanet,98,Анастасия Жуковский
6428,Lanet,96,Кирилл Авраменко
6433,Lanet,93,Владимир Авраменко
6444,Lanet,58,Виктор Дюма
6463,Lanet,70,Виктор Ефремов
6465,Lanet,84,Софья Дюма
6472,Lanet,99,Виктор Жуковский
6484,Lanet,73,Александр Любимов
6488,Lanet,139,Виктор Жуковский
6495,Lanet,40,Евгения Цой
6498,Lanet,143,Анастасия Ефремов
6504,Lanet,8,Евгения Митрофанов
6509,Lanet,20,Диана Авраменко
6511,Lanet,25,Кирилл Жуковский
6519,Lanet,16,Софья Любимов
6537,Lanet,144,Софья Шумахер
6541,Lanet,138,Анастасия Жуковский
6549,Lanet,122,Софья Цой
6554,Lanet,147,Виктор Любимов
6558,Lanet,8,Анастасия Ефремов
6567,Lanet,18,Владимир Жуковский
6568,Lanet,69,Софья Авраменко
6596,Lanet,57,Евгения Любимов
6599,Lanet,121,Диана Митрофанов
6633,Lanet,139,Алексей Дюма
6639,Lanet,142,Алексей Ефремов
6640,Lanet,128,Кирилл Шумахер
6644,Lanet,15,Софья Дюма
6651,Lanet,29,Диана Дюма
6655,Lanet,7,Евгения Шумахер
6658,Lanet,122,Александр Дюма
6666,Lanet,144,Анастасия Митрофанов
6686,Lanet,59,Виктор Дюма
6708,Lanet,70,Владимир Шумахер
6730,Lanet,79,Виктор Митрофанов
6744,Lanet,85,Владимир Митрофанов
6767,Lanet,93,Алексей Ефремов
6786,Lanet,49,Диана Митрофанов
6805,Lanet,39,Кирилл Дюма
6815,Lanet,42,Кирилл Митрофанов
6829,Lanet,118,Софья Жуковский
6835,Lanet,129,Алексей Дюма
6862,Lanet,96,Алексей Дюма
6863,Lanet,117,Анастасия Жуковский
6876,Lanet,43,Алексей Авраменко
6878,Lanet,96,Евгения Жуковский
6879,Lanet,70,Алексей Жуковский
6883,Lanet,1,Анастасия Любимов
6887,Lanet,13,Анастасия Митрофанов
6893,Lanet,132,Софья Цой
6897,Lanet,106,Анастасия Авраменко
6901,Lanet,33,Кирилл Авраменко
6921,Lanet,69,Софья Митрофанов
6957,Lanet,25,Евгения Ефремов
6969,Lanet,2,Евгения Любимов
6983,Lanet,110,Софья Цой
6998,Lanet,40,Владимир Авраменко
7019,Lanet,130,Софья Любимов
7027,Lanet,13,Виктор Ефремов
7028,Lanet,26,Евгения Дюма
7042,Lanet,73,Владимир Дюма
7044,Lanet,70,Виктор Авраменко
7047,Lanet,96,Кирилл Ефремов
7049,Lanet,27,Виктор Ефремов
7051,Lanet,70,Владимир Ефремов
7056,Lanet,35,Евгения Дюма
7063,Lanet,119,Евгения Цой
7075,Lanet,45,Софья Дюма
7078,Lanet,98,Софья Ефремов
7089,Lanet,88,Алексей Ефремов
7100,Lanet,68,Евгения Ефремов
7104,Lanet,86,Кирилл Жуковский
7110,Lanet,87,Александр Дюма
7116,Lanet,19,Диана Цой
7129,Lanet,5,Владимир Шумахер
7136,Lanet,87,Евгения Шумахер
7138,Lanet,148,Александр Жуковский
7140,Lanet,80,Кирилл Митрофанов
7153,Lanet,121,Алексей Авраменко
7156,Lanet,25,Евгения Любимов
7157,Lanet,57,Кирилл Цой
7159,Lanet,102,Виктор Шумахер
7160,Lanet,111,Софья Дюма
7166,Lanet,120,Алексей Дюма
7172,Lanet,62,Евгения Дюма
7182,Lanet,63,Диана Любимов
7186,Lanet,43,Алексей Шумахер
7187,Lanet,119,Алексей Шумахер
7217,Lanet,81,Виктор Шумахер
7221,Lanet,102,Владимир Дюма
7258,Lanet,140,Анастасия Ефремов
7277,Lanet,68,Виктор Любимов
7279,Lanet,79,Софья Митрофанов
7292,Lanet,14,Евгения Цой
7301,Lanet,15,Евгения Дюма
7310,Lanet,47,Анастасия Митрофанов
7326,Lanet,120,Александр Цой
7327,Lanet,129,Александр Авраменко
7331,Lanet,28,Евгения Цой
7347,Lanet,48,Александр Шумахер
7353,Lanet,140,Евгения Шумахер
7376,Lanet,25,Александр Любимов
7394,Lanet,82,Евгения Цой
7400,Lanet,119,Евгения Ефремов
7404,Lanet,43,Софья Дюма
7430,Lanet,122,Софья Ефремов
7454,Lanet,14,Алексей Шумахер
7462,Lanet,94,Виктор Шумахер
7466,Lanet,83,Виктор Любимов
7479,Lanet,143,Алексей Дюма
7482,Lanet,38,Анастасия Любимов
7494,Lanet,41,Диана Любимов
7509,Lanet,44,Алексей Дюма
7511,Lanet,35,Кирилл Митрофанов
7512,Lanet,5,Анастасия Митрофанов
7516,Lanet,76,Диана Митрофанов
7517,Lanet,47,Владимир Ефремов
7532,Lanet,9,Софья Митрофанов
7538,Lanet,52,Евгения Цой
7555,Lanet,19,Александр Цой
7559,Lanet,65,Виктор Митрофанов
7590,Lanet,43,Кирилл Цой
7592,Lanet,109,Анастасия Любимов
7615,Lanet,2,Кирилл Дюма
7616,Lanet,102,Александр Митрофанов
7624,Lanet,44,Алексей Авраменко
7625,Lanet,16,Алексей Ефремов
7633,Lanet,5,Евгения Любимов
7639,Lanet,92,Анастасия Ефремов
7655,Lanet,21,Диана Цой
7673,Lanet,70,Диана Авраменко
7677,Lanet,117,Кирилл Цой
7687,Lanet,120,Евгения Авраменко
7694,Lanet,72,Кирилл Жуковский
7708,Lanet,7,Софья Жуковский
7710,Lanet,96,Кирилл Ефремов
7717,Lanet,8,Александр Жуковский
7723,Lanet,126,Владимир Жуковский
7741,Lanet,58,Александр Любимов
7752,Lanet,27,Алексей Шумахер
7753,Lanet,81,Евгения Цой
7754,Lanet,125,Софья Цой
7758,Lanet,95,Алексей Жуковский
7776,Lanet,88,Владимир Митрофанов
7803,Lanet,147,Владимир Авраменко
7808,Lanet,126,Владимир Ефремов
7819,Lanet,35,Диана Любимов
7820,Lanet,70,Александр Цой
7823,Lanet,118,Виктор Любимов
7831,Lanet,6,Виктор Цой
7832,Lanet,4,Евгения Шумахер
7840,Lanet,55,Анастасия Жуковский
7844,Lanet,12,Диана Шумахер
7868,Lanet,131,Кирилл Дюма
7884,Lanet,67,Кирилл Любимов
7928,Lanet,40,Софья Цой
7958,Lanet,35,Евгения Ефремов
7960,Lanet,115,Кирилл Ефремов
7965,Lanet,63,Владимир Шумахер
7978,Lanet,79,Александр Ефремов
8003,Lanet,35,Кирилл Цой
8008,Lanet,110,Диана Ефремов
8012,Lanet,60,Софья Любимов
8021,Lanet,14,Кирилл Митрофанов
8044,Lanet,28,Евгения Митрофанов
8084,Lanet,44,Александр Дюма
8085,Lanet,49,Кирилл Жуковский
8090,Lanet,47,Кирилл Ефремов
8115,Lanet,133,Александр Шумахер
8136,Lanet,37,Владимир Цой
8155,Lanet,13,Алексей Митрофанов
8163,Lanet,16,Александр Цой
8166,Lanet,49,Евгения Любимов
8168,Lanet,85,Евгения Шумахер
8189,Lanet,138,Анастасия Дюма
8190,Lanet,145,Диана Ефремов
8200,Lanet,17,Алексей Любимов
8207,Lanet,57,Евгения Митрофанов
8220,Lanet,117,Софья Ефремов
8233,Lanet,92,Анастасия Авраменко
8248,Lanet,115,Кирилл Ефремов
8250,Lanet,34,Кирилл Митрофанов
8278,Lanet,136,Евгения Ефремов
8282,Lanet,79,Анастасия Авраменко
8293,Lanet,51,Виктор Ефремов
8310,Lanet,32,Евгения Ефремов
8320,Lanet,141,Александр Любимов
8323,Lanet,58,Евгения Цой
8327,Lanet,95,Владимир Цой
8354,Lanet,123,Владимир Шумахер
8356,Lanet,142,Софья Авраменко
8395,Lanet,93,Софья Жуковский
8399,Lanet,139,Кирилл Любимов
8402,Lanet,128,Анастасия Любимов
8434,Lanet,23,Кирилл Шумахер
8438,Lanet,140,Александр Авраменко
8444,Lanet,18,Кирилл Авраменко
8453,Lanet,30,Алексей Дюма
8466,Lanet,141,Виктор Жуковский
8474,Lanet,10,Виктор Ефремов
8479,Lanet,103,Виктор Авраменко
8484,Lanet,105,Евгения Авраменко
8488,Lanet,120,Софья Цой
8510,Lanet,94,Александр Цой
8517,Lanet,10,Александр Митрофанов
8540,Lanet,85,Александр Любимов
8544,Lanet,94,Евгения Цой
8569,Lanet,50,Владимир Жуковский
8574,Lanet,82,Кирилл Ефремов
8589,Lanet,42,Софья Шумахер
8595,Lanet,47,Анастасия Жуковский
8605,Lanet,133,Владимир Ефремов
8608,Lanet,6,Евгения Ефремов
8625,Lanet,103,Софья Шумахер
8626,Lanet,55,Алексей Авраменко
8637,Lanet,107,Алексей Шумахер
8641,Lanet,135,Владимир Шумахер
8647,Lanet,14,Александр Ефремов
8651,Lanet,9,Евгения Ефремов
8654,Lanet,46,Кирилл Авраменко
8665,Lanet,66,Алексей Любимов
8677,Lanet,61,Александр Дюма
8680,Lanet,61,Софья Любимов
8685,Lanet,46,Алексей Любимов
8699,Lanet,9,Владимир Любимов
8704,Lanet,119,Алексей Дюма
8712,Lanet,5,Владимир Любимов
8713,Lanet,52,Кирилл Жуковский
8746,Lanet,147,Диана Любимов
8749,Lanet,134,Александр Цой
8750,Lanet,116,Диана Цой
8761,Lanet,127,Евгения Жуковский
8771,Lanet,63,Алексей Дюма
8773,Lanet,1,Анастасия Цой
8782,Lanet,146,Александр Митрофанов
8790,Lanet,38,Виктор Дюма
8791,Lanet,119,Владимир Митрофанов
8805,Lanet,11,Софья Любимов
8808,Lanet,121,Анастасия Ефремов
8818,Lanet,132,Евгения Митрофанов
8821,Lanet,17,Анастасия Дюма
8825,Lanet,89,Алексей Жуковский
8873,Lanet,67,Софья Шумахер
8882,Lanet,138,Диана Шумахер
8904,Lanet,35,Кирилл Жуковский
8908,Lanet,64,Александр Ефремов
8909,Lanet,70,Кирилл Дюма
8910,Lanet,101,Владимир Дюма
8913,Lanet,83,Софья Цой
8921,Lanet,68,Анастасия Митрофанов
8938,Lanet,124,Кирилл Цой
8949,Lanet,35,Алексей Любимов
8956,Lanet,140,Софья Цой
8971,Lanet,104,Анастасия Митрофанов
8975,Lanet,65,Диана Авраменко
8987,Lanet,133,Анастасия Митрофанов
9010,Lanet,55,Владимир Авраменко
9031,Lanet,30,Софья Любимов
9041,Lanet,131,Софья Ефремов
9048,Lanet,135,Владимир Шумахер
9051,Lanet,53,Владимир Любимов
9065,Lanet,11,Алексей Цой
9077,Lanet,52,Виктор Жуковский
9080,Lanet,50,Виктор Жуковский
9123,Lanet,39,Анастасия Дюма
9133,Lanet,131,Кирилл Жуковский
9136,Lanet,50,Софья Ефремов
9140,Lanet,35,Евгения Митрофанов
9141,Lanet,62,Диана Авраменко
9150,Lanet,95,Кирилл Жуковский
9151,Lanet,84,Александр Жуковский
9185,Lanet,72,Владимир Шумахер
9188,Lanet,103,Диана Ефремов
9192,Lanet,73,Евгения Авраменко
9200,Lanet,122,Софья Ефремов
9225,Lanet,109,Анастасия Шумахер
9229,Lanet,149,Диана Ефремов
9241,Lanet,19,Евгения Жуковский
9248,Lanet,1,Алексей Любимов
9262,Lanet,67,Кирилл Дюма
9274,Lanet,5,Евгения Любимов
9280,Lanet,102,Кирилл Шумахер
9285,Lanet,134,Александр Жуковский
9291,Lanet,27,Анастасия Митрофанов
9292,Lanet,35,Евгения Шумахер
9294,Lanet,53,Софья Дюма
9309,Lanet,15,Алексей Авраменко
9335,Lanet,30,Диана Дюма
9337,Lanet,16,Евгения Шумахер
9339,Lanet,145,Александр Авраменко
9340,Lanet,148,Диана Жуковский
9374,Lanet,56,Александр Любимов
9378,Lanet,115,Софья Дюма
9383,Lanet,26,Александр Любимов
9386,Lanet,118,Виктор Любимов
9411,Lanet,112,Диана Авраменко
9415,Lanet,131,Алексей Любимов
9438,Lanet,6,Диана Жуковский
9457,Lanet,20,Алексей Любимов
9460,Lanet,25,Диана Цой
9466,Lanet,66,Анастасия Дюма
9468,Lanet,103,Владимир Митрофанов
9471,Lanet,23,Евгения Ефремов
9479,Lanet,25,Владимир Ефремов
9480,Lanet,124,Владимир Жуковский
9493,Lanet,88,Софья Ефремов
9496,Lanet,107,Диана Жуковский
9509,Lanet,87,Владимир Жуковский
9519,Lanet,111,Софья Любимов
9522,Lanet,35,Кирилл Ефремов
9527,Lanet,25,Виктор Жуковский
9531,Lanet,1,Евгения Цой
9537,Lanet,143,Евгения Любимов
9542,Lanet,39,Кирилл Цой
9550,Lanet,37,Анастасия Дюма
9556,Lanet,122,Александр Жуковский
9558,Lanet,82,Александр Жуковский
9573,Lanet,102,Софья Авраменко
9574,Lanet,45,Софья Цой
9575,Lanet,73,Анастасия Любимов
9580,Lanet,138,Анастасия Цой
9583,Lanet,104,Виктор Авраменко
9647,Lanet,42,Анастасия Ефремов
9660,Lanet,86,Софья Дюма
9662,Lanet,39,Диана Ефремов
9664,Lanet,16,Евгения Любимов
9667,Lanet,85,Анастасия Любимов
9675,Lanet,14,Анастасия Цой
9686,Lanet,15,Владимир Шумахер
9700,Lanet,1,Анастасия Любимов
9709,Lanet,48,Александр Цой
9710,Lanet,116,Диана Цой
9722,Lanet,76,Диана Жуковский
9745,Lanet,26,Анастасия Жуковский
9758,Lanet,43,Алексей Дюма
9773,Lanet,137,Виктор Шумахер
9780,Lanet,64,Александр Цой
9836,Lanet,104,Софья Авраменко
9859,Lanet,31,Анастасия Ефремов
9885,Lanet,123,Диана Любимов
9890,Lanet,122,Виктор Авраменко
9912,Lanet,120,Алексей Цой
9920,Lanet,114,Кирилл Ефремов
9922,Lanet,111,Евгения Любимов
9935,Lanet,141,Софья Ефремов
9941,Lanet,28,Владимир Авраменко
9961,Lanet,73,Алексей Ефремов
9971,Lanet,125,Виктор Жуковский
9975,Lanet,100,Евгения Любимов
9991,Lanet,101,Кирилл Шумахер
9999,Lanet,64,Диана Жуковский
